Time,Count1,Count2,Count3,Count4,Count5,Count6,0~5,5~10,10~15,15~20,20~25,25~30,30~35,35~40,40~45,45~50,50~55,55~60,60~65,65~70,70~75,75~80,80~85,85~90,90~95,95~100,100~105,105~110,110~115,115~120,120~125,125~130,130~135,135~140,140~145,145~150,150~155,155~160,160~165,165~170,170~175,175~180,180~185,185~190,190~195,195~200,Total,Sigma,Dm,Rel.Humidity,Pressure,Ambient,0.2um,0.3um,0.5um,0.7um,1.0um,2.0um,2.5um,3.0um,5.0um,7.0um,10um,>10um,PM1,PM2.5,PM10,Surface Area
17:09:48,1334,1240,559.4,476.5,470.8,351.8,4.007,23.557,51.056,76.992,96.595,108.457,113.066,111.773,106.174,97.771,87.822,77.296,66.888,57.055,48.072,40.073,33.094,27.107,22.04,17.803,14.296,11.419,9.076,7.182,5.661,4.445,3.478,2.713,2.11,1.636,1.265,0.976,0.752,0.578,0.443,0.339,0.259,0.197,0.15,0.114,1334,1.3585209E-8,4.898125E-8,50.97,984.12,24.84,4.02857,0.868571,0.411429,0.222857,0.188571,0.0514286,0.0628571,0.0114286,0.0228571,0.0114286,0.0114286,0.0342857,2.93665e-07,7.59434e-07,6.61729e-06,21.7768
17:13:08,672.4,539.4,474.1,463.5,410.2,339.4,0.003,0.144,1.056,3.656,8.468,15.295,23.349,31.574,38.969,44.784,48.606,50.336,50.128,48.292,45.219,41.31,36.932,32.395,27.938,23.731,19.884,16.455,13.466,10.907,8.752,6.962,5.494,4.303,3.348,2.588,1.988,1.519,1.155,0.873,0.658,0.493,0.368,0.274,0.203,0.15,672.4,1.4255702E-8,7.104913E-8,51.32,984.14,24.73,5.19429,1.18286,0.605714,0.4,0.274286,0.0571429,0.0514286,0,0.0228571,0.0114286,0,0.0228571,3.6948e-07,7.77186e-07,2.83568e-06,18.2857
17:16:28,770.2,729.2,685.1,657.1,449.8,373.2,0,0,0,0,0.004,0.021,0.078,0.227,0.553,1.164,2.181,3.713,5.836,8.57,11.871,15.633,19.692,23.853,27.904,31.638,34.877,37.482,39.358,40.464,40.802,40.415,39.376,37.783,35.745,33.372,30.775,28.055,25.3,22.585,19.969,17.498,15.202,13.102,11.206,9.515,770.2,1.9517467E-8,1.3387519E-7,51.52,984.04,24.74,6.94286,0.851429,0.405714,0.188571,0.177143,0.0857143,0.08,0.0457143,0.0285714,0.0171429,0,0.0342857,1.10583e-06,1.73443e-06,5.12847e-06,48.674
17:19:48,1036,672.1,616.7,562.7,474.5,464.1,11.698,39.947,63.974,79.708,87.63,89.374,86.703,81.157,73.955,66,57.925,50.148,42.923,36.386,30.591,25.535,21.181,17.473,14.343,11.722,9.542,7.74,6.258,5.044,4.055,3.251,2.601,2.076,1.654,1.316,1.044,0.828,0.655,0.518,0.408,0.322,0.253,0.199,0.157,0.123,1036,1.4087234E-8,4.4635752E-8,51.94,984.18,24.72,4.38857,0.937143,0.588571,0.211429,0.102857,0.0742857,0.0342857,0.0114286,0.0228571,0.0114286,0,0.0114286,2.13827e-07,5.49585e-07,2.73252e-06,14.4198
17:23:08,788.7,720,460.2,437.7,430.8,362.8,0,0.013,0.108,0.441,1.204,2.561,4.601,7.317,10.616,14.336,18.276,22.226,25.986,29.384,32.289,34.611,36.301,37.349,37.777,37.63,36.972,35.875,34.419,32.681,30.739,28.661,26.509,24.336,22.186,20.097,18.095,16.201,14.428,12.786,11.278,9.904,8.662,7.545,6.548,5.663,788.7,2.2338014E-8,1.11742758E-7,51.61,984.18,25.42,6.16571,1.08571,0.365714,0.182857,0.137143,0.0685714,0.0342857,0.0285714,0.0285714,0,0.00571429,0.0342857,7.92424e-07,1.11808e-06,4.2241e-06,37.0418
17:26:28,628.1,568,501.5,469.1,350.1,312.4,0.023,0.321,1.268,3.014,5.497,8.531,11.879,15.301,18.587,21.57,24.131,26.199,27.741,28.758,29.275,29.335,28.993,28.308,27.341,26.153,24.798,23.329,21.79,20.22,18.65,17.107,15.612,14.18,12.823,11.549,10.362,9.263,8.253,7.331,6.492,5.733,5.05,4.436,3.889,3.401,628.1,2.3715536E-8,9.8696554E-8,48.14,984.11,25.15,4.76571,0.954286,0.405714,0.165714,0.108571,0.102857,0.0228571,0.0171429,0.0228571,0,0,0.00571429,5.16091e-07,8.34177e-07,1.7868e-06,24.2054
17:29:49,688.8,557.2,543.2,477,414.2,358.8,0,0.028,0.314,1.466,4.234,9.065,15.834,23.881,32.236,39.903,46.073,50.249,52.254,52.191,50.353,47.143,42.992,38.306,33.434,28.647,24.14,20.038,16.407,13.267,10.605,8.389,6.571,5.101,3.927,3,2.275,1.713,1.282,0.954,0.705,0.519,0.38,0.277,0.201,0.145,688.8,1.3883103E-8,7.5266506E-8,46.69,984.22,24.75,4.98286,1,0.377143,0.16,0.142857,0.0628571,0.0342857,0.0171429,0.0285714,0.00571429,0,0.0171429,3.21434e-07,6.36996e-07,2.42738e-06,18.9936
17:33:09,776.8,749.4,630.1,601.1,507.1,450.2,0,0,0,0,0,0,0,0,0.002,0.009,0.033,0.098,0.255,0.583,1.199,2.245,3.874,6.218,9.355,13.286,17.909,23.03,28.37,33.605,38.398,42.446,45.506,47.425,48.139,47.682,46.159,43.738,40.62,37.018,33.142,29.178,25.285,21.586,18.168,15.087,776.8,1.6405282E-8,1.50388772E-7,48.09,984.24,24.64,5.57714,1.21714,0.491429,0.171429,0.142857,0.0628571,0.0228571,0.0171429,0.00571429,0.00571429,0,0.0342857,1.41517e-06,1.66257e-06,2.687e-06,53.7992
17:36:29,668.8,644.5,557.4,459.1,434.8,386.2,0,0,0,0,0,0,0.001,0.006,0.025,0.078,0.207,0.479,0.986,1.837,3.146,5.005,7.464,10.514,14.077,18.008,22.111,26.16,29.922,33.185,35.777,37.579,38.534,38.642,37.956,36.57,34.607,32.201,29.494,26.616,23.685,20.802,18.043,15.468,13.112,10.999,668.8,1.7668542E-8,1.4451443E-7,49.03,984.24,24.67,3.49714,0.817143,0.331429,0.171429,0.165714,0.0685714,0.0342857,0.0285714,0.0228571,0.00571429,0,0.00571429,1.1276e-06,1.45326e-06,3.1766e-06,45.1224
17:39:49,533.8,491.7,474.1,459.1,363.2,333.1,0,0.017,0.124,0.453,1.135,2.262,3.857,5.878,8.232,10.793,13.419,15.976,18.343,20.424,22.149,23.478,24.394,24.901,25.023,24.795,24.26,23.466,22.462,21.298,20.019,18.666,17.276,15.881,14.505,13.17,11.892,10.682,9.549,8.497,7.529,6.644,5.841,5.116,4.466,3.885,533.8,2.2958405E-8,1.10895386E-7,49.8,984.24,24.67,4.36,0.782857,0.325714,0.182857,0.148571,0.0457143,0.0457143,0.00571429,0.0171429,0.00571429,0,0.0228571,5.54074e-07,9.07503e-07,2.19046e-06,24.5858
17:43:09,647.4,613.8,496.4,486.4,437.8,260.5,0,0,0,0.001,0.004,0.022,0.079,0.226,0.537,1.109,2.045,3.432,5.324,7.729,10.596,13.825,17.269,20.759,24.116,27.172,29.784,31.842,33.278,34.066,34.216,33.77,32.797,31.378,29.607,27.577,25.377,23.091,20.789,18.531,16.364,14.323,12.433,10.707,9.152,7.768,647.4,1.9564878E-8,1.32949922E-7,50.81,984.26,24.98,2.57714,0.754286,0.36,0.137143,0.177143,0.0457143,0.00571429,0.0114286,0.0171429,0.00571429,0,0.0114286,9.2581e-07,1.04067e-06,2.38586e-06,37.503
17:46:29,832,703.5,587,513.5,445.5,409.4,0.002,0.1,0.866,3.354,8.423,16.166,25.864,36.288,46.115,54.24,59.96,62.996,63.434,61.618,58.036,53.218,47.67,41.826,36.03,30.529,25.488,20.996,17.085,13.749,10.952,8.642,6.761,5.246,4.041,3.091,2.349,1.775,1.333,0.996,0.74,0.548,0.403,0.296,0.216,0.157,832,1.3934342E-8,7.1889182E-8,47.4,984.24,25.24,5.42286,1.16,0.457143,0.205714,0.0914286,0.08,0.0571429,0.0171429,0.0114286,0.00571429,0,0.0171429,3.35567e-07,8.17745e-07,2.03366e-06,20.3425
17:49:49,1000,962.7,910.7,865.5,655.8,640.7,0,0,0,0,0,0.003,0.017,0.063,0.189,0.476,1.044,2.043,3.629,5.939,9.063,13.009,17.702,22.976,28.593,34.269,39.7,44.602,48.728,51.893,53.986,54.966,54.861,53.757,51.781,49.089,45.849,42.231,38.394,34.479,30.609,26.878,23.361,20.107,17.148,14.497,1000,1.8671637E-8,1.39703744E-7,44.86,984.29,24.95,7.56,1.10286,0.491429,0.222857,0.24,0.0857143,0.0742857,0.0342857,0.0228571,0.0342857,0,0.0171429,1.56111e-06,2.15562e-06,7.17254e-06,66.3289
17:53:10,1154,956.8,873.7,865.8,816.5,721.5,0.037,0.911,4.769,13.086,25.506,40.298,55.264,68.45,78.524,84.851,87.394,86.546,82.942,77.311,70.367,62.738,54.934,47.338,40.219,33.738,27.981,22.967,18.675,15.055,12.041,9.561,7.542,5.912,4.608,3.572,2.755,2.115,1.617,1.231,0.933,0.705,0.531,0.399,0.298,0.222,1154,1.429737E-8,6.6193984E-8,47.21,984.2,24.83,7.76,1.28,0.445714,0.234286,0.182857,0.08,0.04,0.00571429,0.0342857,0.0171429,0,0.0228571,4.14991e-07,7.94927e-07,3.94489e-06,26.025
17:56:30,790.1,719.4,574.2,541,524,506.1,0,0,0.013,0.123,0.612,2.002,4.92,9.826,16.769,25.301,34.578,43.567,51.288,57,60.292,61.096,59.628,56.296,51.604,46.069,40.161,34.264,28.666,23.557,19.044,15.165,11.909,9.232,7.071,5.356,4.015,2.98,2.192,1.599,1.157,0.83,0.592,0.419,0.295,0.206,790.1,1.3437414E-8,8.534954E-8,45.51,984.29,25.32,6.96571,1.15429,0.451429,0.217143,0.0971429,0.0685714,0.0171429,0.0171429,0.0114286,0,0,0.0228571,4.3988e-07,6.63298e-07,1.23294e-06,23.4389
17:59:50,1158,1008,771.7,742.8,606.4,600.1,0,0,0.005,0.071,0.449,1.752,4.943,11.001,20.454,33.031,47.621,62.547,75.997,86.436,92.888,95.027,93.11,87.823,80.075,70.829,60.962,51.188,42.025,33.8,26.678,20.694,15.798,11.883,8.815,6.457,4.673,3.344,2.368,1.661,1.154,0.795,0.543,0.368,0.247,0.165,1158,1.2599232E-8,8.5207346E-8,46.59,984.31,24.95,5.46286,1.00571,0.44,0.142857,0.182857,0.0685714,0.0571429,0.0114286,0.0228571,0.00571429,0,0.0228571,6.08965e-07,1.07095e-06,2.60762e-06,34.5532
18:03:10,1681,973.8,798.5,538,502.4,498.8,2.597,19.348,48.254,79.816,107.032,126.416,137.141,139.987,136.502,128.446,117.467,104.945,91.95,79.247,67.34,56.525,46.941,38.614,31.499,25.501,20.506,16.389,13.025,10.299,8.106,6.353,4.959,3.856,2.989,2.309,1.779,1.366,1.047,0.8,0.61,0.464,0.353,0.267,0.202,0.153,1681,1.3637807E-8,5.163044E-8,47.56,984.25,24.77,5.36,1.25143,0.588571,0.302857,0.108571,0.0685714,0.0457143,0.0171429,0.04,0,0,0.0171429,3.59341e-07,7.53162e-07,2.28025e-06,23.971
18:06:30,766,645.2,610,544.2,492,491.4,0.022,0.563,3.016,8.403,16.556,26.365,36.368,45.245,52.077,56.411,58.205,57.709,55.346,51.606,46.969,41.864,36.635,31.544,26.772,22.432,18.578,15.226,12.36,9.946,7.94,6.293,4.953,3.874,3.013,2.33,1.793,1.373,1.047,0.795,0.601,0.453,0.34,0.255,0.19,0.141,766,1.4222406E-8,6.6234264E-8,48.36,984.32,24.65,4.92,0.897143,0.4,0.165714,0.131429,0.0628571,0.00571429,0.0114286,0.00571429,0.00571429,0,0.0285714,2.83146e-07,4.28304e-07,1.39051e-06,15.7821
18:09:50,1040,676.8,634,561.2,548.1,544,17.839,49.699,71.745,84.016,88.699,88.01,83.792,77.455,70.031,62.237,54.553,47.282,40.597,34.581,29.256,24.606,20.587,17.147,14.224,11.756,9.685,7.955,6.516,5.325,4.342,3.532,2.869,2.325,1.882,1.521,1.227,0.989,0.796,0.64,0.514,0.412,0.33,0.264,0.212,0.169,1040,1.4633047E-8,4.3850288E-8,48.17,984.27,25.18,6.09143,1.03429,0.52,0.16,0.0857143,0.0685714,0.0171429,0.0114286,0.0114286,0.00571429,0,0.0342857,2.03784e-07,4.27202e-07,1.5809e-06,12.7355
18:13:10,1023,730,650.4,606.2,483.7,449.8,0.378,4.271,13.845,27.503,42.403,56.035,66.771,73.872,77.294,77.432,74.915,70.441,64.677,58.201,51.476,44.851,38.57,32.787,27.585,22.997,19.013,15.602,12.715,10.299,8.294,6.645,5.297,4.204,3.323,2.616,2.052,1.604,1.25,0.972,0.753,0.582,0.448,0.345,0.265,0.203,1023,1.4651454E-8,5.975967E-8,45.83,984.28,25.59,7.16,1.33143,0.474286,0.234286,0.16,0.0914286,0.0285714,0.0285714,0.04,0.0171429,0,0.0342857,3.27856e-07,6.59827e-07,4.25017e-06,21.8887
18:16:30,648.5,567.5,539.2,516.8,435.5,414.1,0,0,0.001,0.019,0.133,0.568,1.732,4.126,8.148,13.891,21.04,28.915,36.637,43.329,48.297,51.139,51.764,50.354,47.279,43.009,38.023,32.759,27.568,22.708,18.34,14.546,11.346,8.714,6.597,4.928,3.635,2.651,1.912,1.365,0.965,0.676,0.469,0.323,0.221,0.15,648.5,1.2924172E-8,8.9157452E-8,46.77,984.29,25.07,4.99429,1.01143,0.382857,0.217143,0.12,0.0742857,0.04,0.0285714,0.00571429,0,0,0.0171429,4.07865e-07,7.77703e-07,1.28031e-06,21.3831
18:19:51,960.4,882.5,806.1,603.1,597.4,543.5,0.015,0.268,1.214,3.172,6.208,10.181,14.825,19.818,24.843,29.617,33.918,37.583,40.516,42.672,44.054,44.7,44.673,44.052,42.926,41.385,39.519,37.411,35.137,32.764,30.351,27.944,25.585,23.303,21.122,19.06,17.127,15.33,13.671,12.149,10.762,9.504,8.368,7.348,6.436,5.623,960.4,2.3588253E-8,1.0183929E-7,47.7,984.3,24.76,5.29714,1.05143,0.474286,0.217143,0.16,0.0457143,0.0171429,0.0171429,0.0171429,0,0,0.0171429,8.15611e-07,9.98637e-07,1.75977e-06,36.141
18:23:11,897.2,837.5,810.7,790.5,669.2,567.2,0,0,0,0.005,0.028,0.109,0.325,0.787,1.631,2.993,4.98,7.644,10.97,14.87,19.194,23.745,28.3,32.639,36.557,39.886,42.504,44.337,45.36,45.589,45.081,43.916,42.194,40.023,37.516,34.778,31.908,28.994,26.108,23.309,20.645,18.147,15.838,13.729,11.826,10.124,897.2,2.0478238E-8,1.29660478E-7,48.31,984.32,24.63,6.78857,1.14857,0.468571,0.177143,0.125714,0.0857143,0.0571429,0.0228571,0.0171429,0.0114286,0,0.04,1.17397e-06,1.66625e-06,3.78215e-06,50.6189
18:26:31,1159,1003,653.7,478.2,446.5,370.2,0,0,0,0.009,0.079,0.418,1.514,4.155,9.232,17.376,28.614,42.215,56.814,70.726,82.341,90.447,94.415,94.22,90.333,83.555,74.829,65.083,55.121,45.563,36.833,29.171,22.669,17.311,13.005,9.624,7.021,5.055,3.595,2.526,1.756,1.208,0.823,0.556,0.372,0.247,1159,1.2570162E-8,9.1839112E-8,46.75,984.28,25.33,8.13143,1.41714,0.805714,0.354286,0.154286,0.08,0.0628571,0.04,0.0342857,0.00571429,0,0.04,7.45434e-07,1.26169e-06,3.49246e-06,40.8046
18:29:51,1006,626.4,545,466.5,464.7,464.5,17.152,48.267,69.943,82.014,86.589,85.855,81.64,75.346,67.997,60.304,52.74,45.602,39.057,33.182,27.998,23.482,19.592,16.271,13.457,11.09,9.108,7.459,6.091,4.962,4.033,3.271,2.648,2.14,1.726,1.39,1.118,0.898,0.72,0.577,0.462,0.369,0.295,0.235,0.188,0.149,1006,1.4469123E-8,4.3507342E-8,47.46,984.28,24.8,5.37714,0.811429,0.4,0.182857,0.114286,0.0628571,0.0171429,0.0457143,0.0114286,0,0,0.0114286,2.02132e-07,4.15452e-07,1.29622e-06,12.3828
18:33:11,657.4,555.7,493.1,457.5,435.4,393.4,0.019,0.488,2.581,7.141,14.013,22.269,30.697,38.201,44.015,47.755,49.377,49.078,47.2,44.146,40.313,36.057,31.669,27.374,23.326,19.624,16.322,13.434,10.954,8.855,7.101,5.654,4.471,3.514,2.746,2.134,1.65,1.27,0.973,0.743,0.565,0.428,0.323,0.243,0.182,0.136,657.4,1.4389699E-8,6.6748804E-8,47.38,984.29,25.41,4.75429,0.908571,0.297143,0.177143,0.114286,0.08,0.0571429,0.00571429,0.0228571,0.0171429,0,0.00571429,2.51319e-07,7.33498e-07,3.50048e-06,16.9743
18:36:31,1563,774,637,567.8,368.4,316,5.023,28.628,60.998,91.049,113.482,126.866,131.881,130.143,123.507,113.697,102.147,89.96,77.92,66.549,56.156,46.893,38.801,31.847,25.952,21.013,16.916,13.547,10.797,8.568,6.772,5.333,4.186,3.275,2.555,1.988,1.542,1.194,0.923,0.711,0.547,0.42,0.322,0.247,0.188,0.144,1563,1.3686426E-8,4.8994618E-8,47.15,984.32,25,5.06857,0.994286,0.422857,0.188571,0.12,0.04,0.0457143,0.0285714,0.0228571,0.0114286,0.00571429,0.0228571,3.03056e-07,6.46387e-07,4.85346e-06,22.8362
18:39:51,501.1,488.2,416.1,395.8,365.5,351,0,0,0.004,0.03,0.118,0.338,0.773,1.504,2.592,4.059,5.887,8.017,10.358,12.798,15.22,17.508,19.563,21.305,22.677,23.65,24.214,24.381,24.18,23.652,22.842,21.804,20.59,19.251,17.832,16.375,14.917,13.487,12.107,10.797,9.568,8.43,7.385,6.436,5.581,4.817,501.1,2.1636138E-8,1.22689372E-7,48.54,984.31,24.99,3.99429,0.948571,0.422857,0.165714,0.142857,0.0628571,0.0457143,0,0.0228571,0,0.00571429,0.0114286,6.25969e-07,1.00969e-06,3.6131e-06,27.6818
18:43:12,702,485.5,480,467,346.5,340,0,0,0.004,0.046,0.275,1.044,2.888,6.344,11.704,18.828,27.13,35.71,43.58,49.882,54.034,55.801,55.262,52.742,48.707,43.675,38.138,32.513,27.119,22.173,17.8,14.052,10.921,8.367,6.325,4.722,3.485,2.544,1.838,1.316,0.933,0.656,0.458,0.317,0.218,0.149,702,1.3005644E-8,8.677798E-8,46.7,984.3,25.27,4.97143,0.925714,0.451429,0.131429,0.114286,0.08,0.0514286,0.0285714,0.0228571,0.00571429,0,0.0285714,4.02599e-07,8.50697e-07,2.57404e-06,23.6069
18:46:32,787,782.7,732.4,726.1,705.8,572.7,0.044,0.546,1.976,4.432,7.755,11.665,15.85,20.024,23.948,27.442,30.387,32.718,34.413,35.486,35.976,35.939,35.441,34.555,33.352,31.9,30.264,28.5,26.66,24.786,22.914,21.075,19.291,17.58,15.955,14.425,12.995,11.668,10.444,9.321,8.296,7.364,6.52,5.76,5.077,4.466,787,2.4374403E-8,9.8859828E-8,48.39,984.33,25.02,4.73714,0.891429,0.411429,0.182857,0.0914286,0.0742857,0.0285714,0.0171429,0.0114286,0,0.00571429,0,6.2289e-07,9.24567e-07,3.33167e-06,29.8845
18:49:52,786.2,675,597.5,488.2,394,365.5,0,0,0,0.004,0.038,0.221,0.855,2.471,5.718,11.116,18.776,28.254,38.6,48.582,56.985,62.874,65.749,65.576,62.703,57.736,51.385,44.347,37.216,30.444,24.327,19.024,14.583,10.975,8.119,5.911,4.24,2.999,2.094,1.444,0.984,0.664,0.443,0.293,0.192,0.124,786.2,1.2222558E-8,9.1440924E-8,46.24,984.34,25.43,4.05714,0.782857,0.388571,0.171429,0.0914286,0.0285714,0.0342857,0.0342857,0.0171429,0,0,0.0114286,4.7829e-07,7.33264e-07,1.68107e-06,26.3073
18:53:12,1104,826.5,597.4,520.7,460.4,389.2,0.519,5.572,17.434,33.703,50.8,65.825,77.062,83.886,86.453,85.38,81.49,75.632,68.577,60.964,53.287,45.897,39.028,32.812,27.31,22.526,18.43,14.968,12.075,9.682,7.72,6.124,4.835,3.801,2.975,2.32,1.803,1.397,1.078,0.83,0.637,0.488,0.373,0.284,0.216,0.164,1104,1.4240077E-8,5.7638548E-8,46.99,984.4,24.97,5.77143,1.07429,0.394286,0.188571,0.131429,0.08,0.0342857,0.0114286,0.00571429,0.00571429,0,0.0171429,3.04733e-07,6.50589e-07,1.6128e-06,18.4318
18:56:32,716.2,702.5,575.7,550.7,472.2,432.4,0,0.001,0.015,0.145,0.704,2.254,5.425,10.617,17.76,26.277,35.221,43.533,50.283,54.838,56.928,56.623,54.247,50.279,45.25,39.664,33.952,28.445,23.37,18.861,14.975,11.712,9.034,6.878,5.175,3.851,2.836,2.068,1.494,1.071,0.761,0.537,0.376,0.261,0.181,0.124,716.2,1.3045176E-8,8.2752826E-8,47.87,984.36,24.75,4.16,0.811429,0.382857,0.171429,0.137143,0.0514286,0.0285714,0.00571429,0.0114286,0.0114286,0,0.00571429,3.81443e-07,6.42728e-07,2.38047e-06,21.4356
18:59:52,864.8,656.4,647.8,646.8,643,583.5,0.001,0.045,0.466,2.065,5.745,11.969,20.488,30.434,40.619,49.865,57.241,62.191,64.535,64.411,62.176,58.304,53.304,47.654,41.762,35.953,30.458,25.431,20.956,17.06,13.736,10.948,8.644,6.766,5.253,4.048,3.098,2.355,1.779,1.336,0.998,0.742,0.549,0.404,0.296,0.216,864.8,1.4149372E-8,7.5523388E-8,46.13,984.34,25.39,7.46857,1.46286,0.462857,0.188571,0.16,0.0685714,0.04,0.0285714,0.0171429,0.00571429,0.00571429,0.0228571,4.02751e-07,7.62491e-07,4.1318e-06,24.2336
19:03:12,599.2,583.5,580.1,547.8,504.1,453.2,0,0,0,0,0,0,0,0.001,0.003,0.013,0.042,0.117,0.285,0.618,1.212,2.177,3.62,5.622,8.215,11.368,14.978,18.876,22.845,26.646,30.043,32.831,34.86,36.038,36.343,35.814,34.539,32.644,30.274,27.582,24.712,21.793,18.935,16.221,13.711,11.444,599.2,1.678181E-8,1.4953872E-7,47.43,984.33,24.92,4.34286,0.914286,0.297143,0.142857,0.102857,0.0114286,0.0571429,0.0114286,0.00571429,0,0,0,1.06926e-06,1.43026e-06,1.7462e-06,40.7968
19:06:32,861,806.5,715.8,710,666.1,438,0,0,0.002,0.014,0.071,0.242,0.636,1.39,2.64,4.495,7.006,10.157,13.859,17.965,22.284,26.604,30.716,34.429,37.589,40.084,41.847,42.856,43.13,42.719,41.697,40.156,38.193,35.911,33.407,30.769,28.077,25.399,22.79,20.293,17.939,15.751,13.742,11.916,10.273,8.809,861,2.0870191E-8,1.2598612E-7,45.88,984.36,25.4,3.74857,0.874286,0.348571,0.142857,0.154286,0.108571,0.0285714,0.0342857,0.0171429,0.0114286,0,0.00571429,1.06916e-06,1.43142e-06,3.67177e-06,46.7879
19:09:53,774.5,618.5,548.7,538.1,536,512.5,0.723,6.041,16.298,28.625,40.341,49.753,56.116,59.367,59.855,58.128,54.78,50.373,45.38,40.179,35.048,30.181,25.698,21.664,18.102,15.006,12.351,10.101,8.212,6.64,5.343,4.28,3.415,2.713,2.148,1.695,1.334,1.046,0.818,0.639,0.497,0.386,0.299,0.231,0.179,0.138,774.5,1.4588537E-8,5.6273556E-8,47.69,984.36,25.2,4.87429,1.06286,0.325714,0.188571,0.171429,0.0857143,0.0114286,0.0228571,0.0228571,0,0,0.0171429,2.45974e-07,4.65605e-07,1.48045e-06,13.796
19:13:13,1028,789.2,693,665.1,566.2,377,0,0,0,0.004,0.045,0.267,1.049,3.075,7.196,14.119,24.034,36.398,49.99,63.19,74.38,82.297,86.249,86.162,82.482,76.001,67.662,58.391,48.983,40.042,31.966,24.967,19.112,14.359,10.603,7.704,5.513,3.891,2.71,1.864,1.267,0.852,0.567,0.373,0.244,0.158,1028,1.217285E-8,9.1562668E-8,46.2,984.35,25.33,5.13143,1.10857,0.611429,0.291429,0.308571,0.0571429,0.0457143,0.0228571,0.04,0,0.00571429,0.0228571,6.99209e-07,1.07283e-06,4.4996e-06,36.8541
19:16:33,734.2,726.7,652,601.8,453,422.4,0,0.012,0.101,0.408,1.104,2.337,4.184,6.641,9.623,12.988,16.559,20.148,23.577,26.694,29.377,31.544,33.15,34.181,34.654,34.605,34.089,33.169,31.913,30.393,28.674,26.819,24.886,22.921,20.967,19.058,17.22,15.472,13.829,12.3,10.89,9.599,8.426,7.368,6.419,5.573,734.2,2.2668416E-8,1.12921214E-7,47.53,984.34,25,6.93714,1.36571,0.571429,0.171429,0.142857,0.0628571,0.0628571,0.0171429,0.00571429,0.0114286,0,0.0171429,7.64011e-07,1.24998e-06,2.92068e-06,34.3003
19:19:53,1077,855.8,780,685.8,589.7,443.4,0,0.012,0.186,1.106,3.814,9.346,18.151,29.792,43.06,56.345,68.07,77.019,82.504,84.376,82.923,78.729,72.521,65.043,56.967,48.845,41.086,33.967,27.642,22.174,17.554,13.73,10.618,8.128,6.161,4.629,3.449,2.549,1.871,1.363,0.987,0.71,0.508,0.362,0.256,0.18,1077,1.3399974E-8,7.7217508E-8,45.63,984.38,25.4,6.12,1.08,0.422857,0.217143,0.137143,0.0914286,0.0685714,0.0171429,0.04,0.0114286,0.00571429,0.0228571,4.76893e-07,1.04743e-06,5.70451e-06,31.4728
19:23:13,1307,750.1,591.4,541.4,494.5,467.4,22.902,63.788,91.912,107.368,113.039,111.832,106.147,97.813,88.154,78.09,68.225,58.936,50.434,42.816,36.101,30.259,25.231,20.943,17.313,14.26,11.707,9.582,7.822,6.37,5.176,4.196,3.396,2.743,2.212,1.782,1.433,1.15,0.923,0.739,0.591,0.473,0.377,0.301,0.24,0.191,1307,1.4439398E-8,4.3302916E-8,47.71,984.45,25.11,6.88571,1.13714,0.445714,0.16,0.154286,0.0571429,0.04,0.00571429,0.0285714,0.00571429,0.00571429,0.0171429,2.52441e-07,5.91986e-07,4.09538e-06,17.3765
19:26:33,967.4,940.4,726,691.7,420.8,377.8,0.026,0.402,1.677,4.135,7.747,12.273,17.367,22.663,27.825,32.577,36.714,40.104,42.681,44.434,45.391,45.614,45.185,44.195,42.743,40.924,38.828,36.537,34.126,31.657,29.183,26.749,24.387,22.125,19.981,17.968,16.094,14.361,12.771,11.32,10.002,8.813,7.743,6.786,5.932,5.174,967.4,2.3422942E-8,9.899955E-8,45.91,984.41,25.38,4.36571,0.731429,0.365714,0.16,0.114286,0.0685714,0.0171429,0.0342857,0.0114286,0,0,0.0171429,7.57415e-07,9.80833e-07,1.73715e-06,35.0993
19:29:53,777.1,587.2,519.4,421.2,378.8,306.5,0.051,1.012,4.6,11.47,20.852,31.243,41.093,49.221,54.945,58.056,58.701,57.25,54.179,49.983,45.115,39.956,34.805,29.877,25.315,21.201,17.57,14.424,11.739,9.479,7.599,6.051,4.789,3.769,2.95,2.298,1.782,1.376,1.058,0.811,0.619,0.471,0.357,0.27,0.204,0.153,777.1,1.4423394E-8,6.4502594E-8,47.2,984.44,25.25,5.36,1.34286,0.537143,0.142857,0.0628571,0.0857143,0.0514286,0.0114286,0.00571429,0.00571429,0,0.0342857,2.60585e-07,7.18781e-07,1.68099e-06,16.3143
19:33:14,764.8,735.8,711.2,553.2,411.1,332.7,0,0,0,0,0.002,0.013,0.053,0.165,0.423,0.929,1.806,3.174,5.127,7.71,10.903,14.618,18.704,22.964,27.176,31.12,34.595,37.44,39.542,40.841,41.329,41.043,40.057,38.471,36.399,33.962,31.279,28.46,25.602,22.785,20.075,17.519,15.153,12.995,11.055,9.333,764.8,1.9095497E-8,1.34193258E-7,45.77,984.51,25.35,4.95429,0.851429,0.342857,0.148571,0.0971429,0.0742857,0.0228571,0.0114286,0.0171429,0,0,0.0285714,1.0784e-06,1.346e-06,2.04491e-06,44.2506
19:36:34,763.2,578.7,569.8,496.2,347.7,302.8,0.047,0.588,2.128,4.76,8.294,12.416,16.781,21.08,25.059,28.537,31.399,33.587,35.092,35.942,36.189,35.902,35.158,34.038,32.62,30.977,29.177,27.279,25.332,23.38,21.457,19.59,17.799,16.101,14.505,13.017,11.639,10.373,9.215,8.162,7.21,6.352,5.582,4.894,4.282,3.738,763.2,2.3516964E-8,9.5566754E-8,46.73,984.53,24.95,5.45714,0.948571,0.411429,0.142857,0.177143,0.131429,0.0171429,0.0171429,0.0228571,0.00571429,0,0.0114286,6.00218e-07,9.34714e-07,2.53361e-06,28.4534
19:39:54,701.4,566,529.2,479.5,477.1,388.7,0,0.009,0.137,0.794,2.689,6.496,12.467,20.256,29.022,37.685,45.217,50.849,54.17,55.121,53.924,50.982,46.78,41.806,36.493,31.193,26.163,21.571,17.51,14.013,11.069,8.639,6.668,5.095,3.855,2.892,2.151,1.588,1.164,0.847,0.612,0.44,0.315,0.224,0.158,0.111,701.4,1.3362806E-8,7.6629902E-8,45.13,984.52,25.48,3.77714,0.777143,0.308571,0.211429,0.154286,0.0228571,0.0285714,0.0114286,0.0114286,0.00571429,0,0.0171429,3.36271e-07,5.47067e-07,1.70076e-06,18.2574
19:43:14,901.1,663.5,636.8,633.4,552.1,391.7,0.024,0.369,1.535,3.777,7.069,11.196,15.847,20.691,25.425,29.797,33.62,36.773,39.192,40.863,41.81,42.086,41.761,40.92,39.648,38.031,36.152,34.086,31.899,29.65,27.389,25.156,22.982,20.894,18.909,17.04,15.296,13.679,12.191,10.829,9.59,8.468,7.457,6.55,5.739,5.017,901.1,2.366103E-8,9.984295E-8,46.4,984.51,24.93,6.12571,1.49143,0.44,0.114286,0.108571,0.0857143,0.04,0.0228571,0.0228571,0,0,0.0342857,7.21336e-07,1.11137e-06,2.12622e-06,34.0899
19:46:34,907,466.4,394.7,353,342.5,257.7,3.825,19.748,39.71,57.061,69.194,75.752,77.454,75.417,70.787,64.57,57.567,50.372,43.394,36.892,31.011,25.813,21.302,17.447,14.193,11.477,9.23,7.387,5.885,4.67,3.692,2.908,2.284,1.788,1.396,1.088,0.845,0.655,0.507,0.391,0.302,0.232,0.178,0.137,0.105,0.08,907,1.3635918E-8,4.7774198E-8,46.51,984.45,25.39,2.82857,0.754286,0.314286,0.148571,0.102857,0.0571429,0.0171429,0.0171429,0.0171429,0.00571429,0,0.0114286,1.88716e-07,3.91937e-07,1.79934e-06,12.5157
19:49:54,682.4,614,582.1,508,507.7,364.4,0.016,0.252,1.07,2.671,5.056,8.08,11.521,15.138,18.703,22.024,24.955,27.4,29.303,30.648,31.449,31.74,31.573,31.007,30.106,28.936,27.557,26.027,24.396,22.711,21.01,19.322,17.676,16.089,14.578,13.151,11.817,10.578,9.436,8.39,7.436,6.572,5.791,5.09,4.463,3.904,682.4,2.3728028E-8,1.00670526E-7,46.34,984.53,24.97,6.18857,0.977143,0.365714,0.2,0.12,0.0457143,0.0457143,0.0285714,0.0114286,0.00571429,0,0.0457143,5.78356e-07,9.31785e-07,2.27215e-06,27.0003
19:53:14,538.4,450.8,369.5,337,332.1,299.1,0.02,0.459,2.302,6.153,11.797,18.447,25.142,31.045,35.585,38.49,39.74,39.497,38.027,35.639,32.638,29.297,25.842,22.444,19.226,16.268,13.613,11.278,9.258,7.537,6.09,4.886,3.894,3.085,2.431,1.905,1.486,1.154,0.892,0.687,0.527,0.403,0.307,0.233,0.177,0.133,538.4,1.4684889E-8,6.7148158E-8,45,984.5,25.51,4.68571,1.01143,0.371429,0.245714,0.125714,0.0857143,0.0514286,0.0171429,0.0114286,0.00571429,0,0.0342857,2.3793e-07,6.96125e-07,1.91204e-06,13.5493
19:56:35,712.7,688,687.7,588.4,567.8,561.7,0,0,0,0,0,0.003,0.013,0.049,0.144,0.358,0.778,1.509,2.66,4.326,6.563,9.377,12.708,16.438,20.399,24.39,28.202,31.637,34.525,36.74,38.204,38.891,38.821,38.052,36.675,34.795,32.531,29.999,27.31,24.563,21.842,19.214,16.733,14.432,12.335,10.452,712.7,1.8809912E-8,1.39859608E-7,46.65,984.54,25.24,5.25143,0.868571,0.485714,0.12,0.137143,0.0171429,0.0628571,0.0228571,0.00571429,0.0171429,0,0.04,1.10126e-06,1.50644e-06,3.88564e-06,45.6157
19:59:55,1144,999.4,913.7,904.8,882.4,863.8,0.008,0.332,2.35,7.898,17.795,31.318,46.639,61.582,74.261,83.429,88.555,89.721,87.439,82.457,75.595,67.628,59.217,50.881,42.989,35.778,29.376,23.825,19.109,15.171,11.933,9.305,7.199,5.529,4.217,3.196,2.408,1.804,1.345,0.998,0.737,0.541,0.396,0.289,0.21,0.152,1144,1.3638535E-8,6.7748374E-8,45.38,984.55,25.27,5.23429,1.05714,0.548571,0.422857,0.165714,0.0742857,0.0342857,0.04,0.04,0,0.0114286,0.0171429,4.35126e-07,7.70884e-07,6.22178e-06,28.1969
20:03:15,1302,1162,967.4,884.4,666.1,618.2,0.01,0.217,1.118,3.187,6.646,11.447,17.331,23.917,30.781,37.515,43.77,49.274,53.838,57.357,59.795,61.175,61.565,61.063,59.788,57.866,55.425,52.589,49.473,46.178,42.795,39.398,36.051,32.802,29.69,26.742,23.978,21.408,19.037,16.865,14.888,13.099,11.489,10.047,8.761,7.619,1302,2.3093287E-8,1.03018032E-7,45.78,984.55,25.73,6.48,1.35429,0.685714,0.314286,0.331429,0.142857,0.245714,0.0171429,0.0228571,0.0114286,0.0114286,0.0342857,1.17024e-06,2.88816e-06,8.80824e-06,58.1549
20:06:35,1456,762.2,692,604.2,554.2,333.1,0,0.011,0.211,1.395,5.156,13.237,26.494,44.282,64.58,84.654,101.856,114.234,120.811,121.564,117.207,108.895,97.942,85.602,72.934,60.739,49.555,39.685,31.248,24.228,18.521,13.975,10.419,7.681,5.605,4.051,2.901,2.06,1.452,1.015,0.705,0.487,0.334,0.228,0.154,0.104,1456,1.2493223E-8,7.427554E-8,46.64,984.6,25.29,3.45714,0.771429,0.32,0.137143,0.142857,0.0628571,0.0228571,0.0114286,0.0114286,0.0171429,0.00571429,0.00571429,5.36814e-07,7.84214e-07,5.06791e-06,35.3121
20:09:55,850.4,766.7,713.5,681.5,646.1,474.5,0,0,0,0.005,0.053,0.296,1.12,3.172,7.2,13.74,22.802,33.733,45.332,56.146,64.835,70.448,72.573,71.323,67.217,61.014,53.542,45.57,37.72,30.439,23.997,18.516,14.008,10.404,7.597,5.46,3.866,2.7,1.861,1.267,0.853,0.568,0.375,0.245,0.158,0.101,850.4,1.2026524E-8,8.973224E-8,45.03,984.59,25.49,3.28571,0.845714,0.331429,0.194286,0.142857,0.0685714,0.0228571,0.0171429,0.0171429,0,0,0.0114286,5.0626e-07,7.63758e-07,1.52489e-06,27.125
20:13:15,1568,577.7,521.4,485.5,451.7,271.2,0.036,1.054,6.012,17.388,35.037,56.53,78.502,97.862,112.47,121.314,124.366,122.29,116.14,107.098,96.297,84.708,73.099,62.022,51.837,42.745,34.822,28.059,22.384,17.695,13.872,10.792,8.336,6.397,4.879,3.7,2.791,2.095,1.565,1.165,0.863,0.637,0.468,0.343,0.251,0.182,1568,1.3601308E-8,6.4508968E-8,46.17,984.63,25.53,6.29143,1.18286,0.36,0.165714,0.137143,0.0857143,0.0742857,0.0342857,0.0285714,0.00571429,0,0.0285714,4.62362e-07,1.05688e-06,3.03393e-06,31.1445
20:16:35,768.1,720.5,709.1,600.5,556.8,354.2,0,0,0,0,0.002,0.009,0.038,0.125,0.33,0.748,1.493,2.688,4.435,6.8,9.787,13.331,17.306,21.529,25.789,29.861,33.537,36.638,39.032,40.638,41.428,41.423,40.682,39.298,37.38,35.05,32.428,29.628,26.754,23.894,21.118,18.484,16.028,13.778,11.746,9.935,768.1,1.9072361E-8,1.35887988E-7,45.47,984.62,25.28,6.94286,1.58286,0.434286,0.2,0.177143,0.0914286,0.0628571,0.0571429,0.0457143,0.0171429,0,0.0342857,1.14709e-06,1.68355e-06,5.7765e-06,50.7473
20:19:56,696.2,587.4,489.8,395.8,395.7,387.5,0,0.002,0.042,0.3,1.189,3.267,6.993,12.493,19.462,27.241,34.984,41.866,47.232,50.688,52.112,51.617,49.487,46.099,41.856,37.143,32.287,27.546,23.106,19.082,15.537,12.486,9.913,7.783,6.048,4.654,3.549,2.684,2.013,1.499,1.108,0.814,0.594,0.431,0.311,0.223,696.2,1.3963959E-8,8.321991E-8,45.63,984.61,25.75,7.65143,0.977143,0.451429,0.32,0.131429,0.0742857,0.0285714,0.0114286,0.0171429,0.0114286,0,0.0457143,4.04734e-07,7.06411e-07,2.69786e-06,22.0946
20:23:16,1015,758,659.7,604.8,569.4,487.1,1.114,8.981,23.642,40.747,56.534,68.781,76.632,80.162,79.973,76.895,71.782,65.408,58.408,51.275,44.358,37.89,32.007,26.774,22.202,18.267,14.925,12.117,9.78,7.853,6.275,4.991,3.954,3.121,2.454,1.924,1.503,1.171,0.91,0.706,0.546,0.421,0.324,0.249,0.191,0.146,1015,1.4277364E-8,5.4756058E-8,45.66,984.62,25.17,5.17143,1.12,0.48,0.217143,0.171429,0.08,0.0342857,0.0342857,0.0342857,0.00571429,0,0.0285714,2.88074e-07,6.3393e-07,2.80247e-06,18.2992
20:26:36,858.2,633.5,609.2,592.7,251.7,225.7,0,0,0,0.003,0.022,0.093,0.291,0.734,1.572,2.96,5.022,7.824,11.354,15.509,20.115,24.939,29.725,34.217,38.185,41.447,43.877,45.411,46.04,45.81,44.801,43.126,40.909,38.283,35.378,32.311,29.189,26.1,23.115,20.287,17.654,15.24,13.058,11.108,9.385,7.879,858.2,1.9348052E-8,1.2574229E-7,44.47,984.66,25.67,7.02857,1.22286,0.428571,0.154286,0.148571,0.0914286,0.0571429,0.0285714,0.0114286,0.00571429,0,0.0342857,1.08942e-06,1.59179e-06,2.93216e-06,46.959
20:29:56,872.4,693.1,537.2,536,523.8,387.7,0,0,0.001,0.023,0.173,0.775,2.44,5.939,11.891,20.425,31.012,42.547,53.626,62.901,69.36,72.49,72.285,69.15,63.754,56.868,49.237,41.497,34.128,27.445,21.623,16.717,12.7,9.494,6.992,5.078,3.64,2.577,1.804,1.25,0.857,0.582,0.392,0.261,0.173,0.114,872.4,1.2353876E-8,8.6902218E-8,46.62,984.66,25.28,3.72571,0.862857,0.257143,0.171429,0.142857,0.0514286,0.0457143,0.0171429,0.00571429,0,0,0.00571429,4.82379e-07,8.45906e-07,1.22407e-06,26.0354
20:33:16,734.5,665.4,663.8,609,599,547,0.051,0.599,2.093,4.581,7.87,11.668,15.67,19.601,23.244,26.441,29.09,31.142,32.588,33.45,33.771,33.609,33.03,32.104,30.897,29.474,27.895,26.21,24.468,22.705,20.954,19.241,17.586,16.004,14.507,13.101,11.79,10.575,9.457,8.433,7.5,6.653,5.888,5.198,4.58,4.027,734.5,2.4324574E-8,9.7673024E-8,44.92,984.72,25.43,6.07429,1.17714,0.491429,0.371429,0.137143,0.0342857,0.0342857,0.0228571,0.0228571,0.00571429,0,0.0571429,6.16229e-07,8.81301e-07,2.54242e-06,28.0453
20:36:36,692.5,646.5,631.5,608.1,499.2,470.2,0,0.004,0.043,0.203,0.613,1.415,2.721,4.58,6.978,9.833,13.013,16.359,19.701,22.88,25.754,28.216,30.189,31.631,32.53,32.903,32.784,32.224,31.286,30.035,28.536,26.856,25.054,23.183,21.291,19.416,17.59,15.838,14.179,12.625,11.184,9.86,8.654,7.562,6.582,5.706,692.5,2.2400197E-8,1.1622226E-7,45.98,984.69,25.48,5.81143,1.00571,0.382857,0.16,0.148571,0.0742857,0.0285714,0.0342857,0,0.0114286,0.00571429,0.0114286,7.54194e-07,1.05587e-06,4.55921e-06,34.661
20:39:56,545.5,535,394.8,327.1,310.8,291.5,0.003,0.117,0.836,2.857,6.569,11.826,18.045,24.442,30.262,34.931,38.115,39.717,39.824,38.65,36.478,33.602,30.304,26.821,23.347,20.022,16.941,14.161,11.707,9.582,7.77,6.247,4.983,3.946,3.104,2.426,1.886,1.457,1.12,0.857,0.653,0.495,0.374,0.281,0.211,0.158,545.5,1.4630065E-8,7.2391308E-8,45.21,984.7,25.22,5.50286,0.92,0.451429,0.182857,0.131429,0.0971429,0.04,0.0228571,0.0171429,0,0.0114286,0.0114286,2.62588e-07,6.72818e-07,5.17109e-06,17.1869
20:43:16,807,728.2,597,558.5,546.7,522,0.008,0.163,0.801,2.205,4.486,7.581,11.307,15.415,19.643,23.744,27.514,30.796,33.488,35.535,36.923,37.673,37.83,37.457,36.627,35.416,33.901,32.156,30.249,28.241,26.183,24.12,22.089,20.119,18.231,16.443,14.765,13.204,11.762,10.439,9.234,8.141,7.156,6.272,5.482,4.78,807,2.3347548E-8,1.02823002E-7,44.22,984.76,25.71,9.17143,1.61143,0.708571,0.274286,0.211429,0.0914286,0.0857143,0.0457143,0.0342857,0.00571429,0,0.0742857,7.48729e-07,1.42151e-06,3.7145e-06,35.3186
20:46:37,923.8,768.8,623.1,610.1,509.5,436.2,0.001,0.059,0.617,2.704,7.423,15.229,25.641,37.434,49.071,59.136,66.615,70.999,72.254,70.709,66.91,61.498,55.1,48.267,41.444,34.952,29.006,23.722,19.144,15.264,12.035,9.393,7.262,5.565,4.231,3.192,2.391,1.779,1.316,0.968,0.708,0.515,0.373,0.269,0.193,0.138,923.8,1.3540666E-8,7.2447584E-8,45.73,984.72,25.53,4.70857,0.96,0.4,0.165714,0.222857,0.102857,0.0457143,0.0114286,0.0171429,0.0114286,0,0.00571429,3.98401e-07,8.5281e-07,2.84426e-06,23.2428
20:49:57,921.8,828.4,738.4,709,642.4,598.1,0.001,0.086,0.799,3.241,8.421,16.59,27.088,38.632,49.744,59.142,65.956,69.794,70.689,68.988,65.217,59.973,53.833,47.301,40.779,34.565,28.852,23.753,19.31,15.519,12.341,9.719,7.586,5.872,4.511,3.44,2.606,1.962,1.468,1.093,0.809,0.596,0.437,0.319,0.232,0.168,921.8,1.3847149E-8,7.2405242E-8,44.79,984.77,25.33,5.78857,1.07429,0.502857,0.274286,0.177143,0.0971429,0.0571429,0.00571429,0.0114286,0.00571429,0,0.04,4.03133e-07,9.15606e-07,2.00708e-06,22.4332
20:56:37,1258,739.5,686.7,649.4,626.8,539.2,0.516,5.862,18.944,37.369,57.089,74.659,87.963,96.165,99.379,98.295,93.868,87.098,78.901,70.038,61.097,52.498,44.518,37.312,30.95,25.436,20.73,16.768,13.469,10.752,8.534,6.738,5.294,4.14,3.224,2.501,1.933,1.489,1.144,0.875,0.668,0.509,0.386,0.293,0.221,0.167,1258,1.4064665E-8,5.7542824E-8,45.49,984.78,25.54,5.85714,1.21714,0.468571,0.211429,0.177143,0.0742857,0.04,0.0228571,0.0171429,0,0,0.0171429,3.52656e-07,7.22494e-07,1.54585e-06,20.8747
20:59:57,985.4,976.7,890.7,758,704.1,472.8,0,0,0,0,0,0,0,0.001,0.004,0.018,0.06,0.173,0.432,0.953,1.897,3.452,5.802,9.093,13.392,18.653,24.706,31.267,37.965,44.386,50.121,54.818,58.21,60.145,60.586,59.603,57.355,54.062,49.98,45.373,40.489,35.552,30.744,26.205,22.032,18.284,985.4,1.6540755E-8,1.4906793E-7,44.68,984.8,25.38,6.86857,1.34857,0.457143,0.262857,0.217143,0.12,0.0628571,0.0285714,0.0171429,0.00571429,0.00571429,0.0457143,1.77593e-06,2.36288e-06,5.73219e-06,70.1154
21:03:17,892.5,809.4,713.4,682.8,669.7,644.1,0.001,0.054,0.55,2.398,6.582,13.54,22.906,33.653,44.444,54.01,61.394,66.069,67.923,67.176,64.265,59.734,54.138,47.985,41.697,35.595,29.906,24.765,20.24,16.344,13.054,10.321,8.084,6.278,4.836,3.697,2.807,2.117,1.587,1.183,0.877,0.647,0.475,0.347,0.252,0.183,892.5,1.3917961E-8,7.4127612E-8,43.85,984.82,25.73,6.29143,1.34286,0.462857,0.251429,0.182857,0.08,0.0628571,0.0342857,0.0114286,0.0114286,0,0.0285714,4.10222e-07,9.26481e-07,2.97534e-06,23.9103
21:06:38,1187,895.8,838,586,575.2,527,0.027,0.747,4.183,12.012,24.187,39.157,54.715,68.772,79.815,87.041,90.303,89.933,86.562,80.944,73.838,65.924,57.761,49.775,42.265,35.416,29.326,24.024,19.488,15.668,12.494,9.888,7.771,6.068,4.71,3.636,2.792,2.133,1.623,1.229,0.927,0.697,0.522,0.389,0.29,0.215,1187,1.4167346E-8,6.6670864E-8,45.43,984.88,25.63,7.48,1.74286,1.10286,0.262857,0.108571,0.0742857,0.0685714,0.0285714,0.04,0.00571429,0.00571429,0.0457143,4.31717e-07,9.71959e-07,5.10722e-06,28.3292
21:09:58,1022,892.2,671,602,600.2,484,0,0.005,0.059,0.291,0.91,2.151,4.203,7.159,10.996,15.576,20.675,26.022,31.325,36.315,40.761,44.484,47.369,49.359,50.45,50.682,50.13,48.89,47.075,44.8,42.181,39.325,36.33,33.281,30.25,27.296,24.463,21.785,19.284,16.975,14.864,12.951,11.231,9.696,8.336,7.138,1022,2.1428859E-8,1.12898902E-7,45.07,984.89,25.39,6.77714,0.971429,0.354286,0.182857,0.12,0.0971429,0.0628571,0.0114286,0.0114286,0,0,0.04,1.02197e-06,1.56852e-06,2.07594e-06,45.597
21:13:18,1268,864.5,729.7,723.8,721.1,668.7,6.927,31.002,57.92,79.865,94.531,102.071,103.657,100.751,94.755,86.862,78.009,68.893,59.996,51.633,43.987,37.145,31.126,25.906,21.431,17.633,14.438,11.77,9.557,7.731,6.234,5.011,4.016,3.21,2.56,2.037,1.617,1.281,1.013,0.8,0.631,0.496,0.39,0.306,0.24,0.188,1268,1.4439786E-8,4.8797954E-8,43.56,984.92,25.74,6.70286,1.34286,0.548571,0.228571,0.188571,0.125714,0.0514286,0.0228571,0.0228571,0.0171429,0,0.0342857,3.04254e-07,8.33136e-07,3.78679e-06,20.1741
21:19:58,1344,993.7,906.5,822.2,779,713.2,11.402,43.706,74.604,96.825,109.568,114.191,112.65,106.853,98.411,88.583,78.287,68.157,58.599,49.851,42.025,35.15,29.198,24.107,19.796,16.178,13.163,10.668,8.615,6.935,5.565,4.454,3.556,2.832,2.25,1.784,1.412,1.116,0.88,0.693,0.545,0.428,0.336,0.263,0.206,0.161,1344,1.410325E-8,4.5991036E-8,44.58,984.94,25.34,5.74857,1.03429,0.514286,0.177143,0.194286,0.0628571,0.0628571,0.00571429,0.00571429,0,0.0114286,0.0342857,2.84566e-07,7.70531e-07,4.69916e-06,18.6754
21:23:18,1409,1142,908.1,855,794.4,679.7,0.086,1.764,8.203,20.737,38.022,57.267,75.548,90.615,101.168,106.81,107.826,104.928,99.029,91.069,81.906,72.258,62.68,53.566,45.176,37.65,31.045,25.352,20.522,16.48,13.137,10.401,8.184,6.402,4.981,3.857,2.972,2.28,1.742,1.326,1.006,0.76,0.573,0.43,0.322,0.241,1409,1.4210005E-8,6.3992034E-8,43.66,984.95,25.82,8.41143,1.61143,0.708571,0.291429,0.148571,0.08,0.0971429,0.0628571,0.0171429,0.0114286,0.00571429,0.0342857,4.62036e-07,1.18278e-06,5.57171e-06,31.2987
21:26:38,1670,964.4,800.1,785.2,619.4,550.5,11.978,49.311,87.519,116.386,133.919,141.258,140.596,134.248,124.256,112.253,99.462,86.739,74.65,63.529,53.548,44.761,37.145,30.626,25.108,20.479,16.627,13.443,10.827,8.691,6.954,5.548,4.414,3.503,2.774,2.192,1.728,1.36,1.069,0.838,0.656,0.513,0.401,0.313,0.244,0.189,1670,1.401679E-8,4.6524534E-8,45.14,984.88,25.6,6.75429,1.06857,0.548571,0.2,0.194286,0.0857143,0.0742857,0.00571429,0.0285714,0.0228571,0,0.0171429,3.33989e-07,9.28508e-07,4.53325e-06,23.6176
21:29:59,1213,1034,983.2,845.7,773.4,755.4,0,0.018,0.264,1.482,4.889,11.592,21.94,35.288,50.183,64.818,77.497,86.966,92.562,94.196,92.24,87.358,80.35,72.02,63.089,54.141,45.61,37.785,30.829,24.807,19.707,15.474,12.019,9.242,7.041,5.317,3.984,2.962,2.186,1.603,1.168,0.846,0.61,0.437,0.312,0.221,1213,1.3545188E-8,7.6913146E-8,44.79,984.87,25.45,7.53143,1.69714,0.445714,0.217143,0.131429,0.108571,0.08,0.0342857,0.00571429,0.00571429,0,0.0514286,5.28067e-07,1.19706e-06,2.40816e-06,31.5112
21:33:19,1173,1033,964.7,957.1,660.5,623.2,0.002,0.071,0.453,1.503,3.514,6.62,10.785,15.822,21.45,27.343,33.174,38.652,43.539,47.659,50.903,53.222,54.619,55.137,54.851,53.856,52.259,50.171,47.7,44.951,42.017,38.982,35.918,32.883,29.926,27.085,24.388,21.853,19.493,17.314,15.318,13.5,11.856,10.377,9.053,7.874,1173,2.3012417E-8,1.07979098E-7,43.19,984.88,25.69,6.33714,1.07429,0.497143,0.245714,0.148571,0.0857143,0.0857143,0.0228571,0.04,0.0114286,0.00571429,0.0285714,1.07973e-06,1.74241e-06,6.46171e-06,52.657
21:36:39,1302,980.8,842,812.7,787.4,784.7,0.548,6.167,19.823,38.966,59.38,77.513,91.198,99.594,102.836,101.648,97.021,89.989,81.497,72.329,63.088,54.207,45.966,38.529,31.963,26.271,21.415,17.325,13.921,11.115,8.825,6.969,5.477,4.285,3.339,2.591,2.004,1.544,1.186,0.908,0.694,0.528,0.402,0.304,0.23,0.174,1302,1.4074886E-8,5.7490496E-8,44.89,984.87,25.68,6.09143,1.11429,0.44,0.251429,0.2,0.0685714,0.0914286,0.04,0.0342857,0,0.00571429,0.0228571,3.71043e-07,1.03751e-06,4.45946e-06,24.8605
21:39:59,1718,1040,994.5,966.4,874.7,777.7,12.101,50.874,91.121,121.64,140.113,147.7,146.751,139.767,128.956,116.076,102.437,88.948,76.2,64.538,54.128,45.013,37.157,30.471,24.842,20.149,16.265,13.074,10.469,8.353,6.644,5.268,4.166,3.286,2.586,2.031,1.591,1.244,0.971,0.757,0.589,0.458,0.355,0.275,0.213,0.165,1718,1.3758084E-8,4.5948312E-8,45.38,984.84,25.44,5.84571,0.914286,0.428571,0.217143,0.125714,0.04,0.0914286,0.04,0.0285714,0.0285714,0.00571429,0.0114286,3.05581e-07,9.21558e-07,7.38337e-06,26.131
21:43:19,1004,983.2,967.7,871.2,738.4,662.5,0,0.004,0.043,0.214,0.683,1.646,3.276,5.678,8.866,12.76,17.2,21.973,26.84,31.563,35.926,39.751,42.908,45.314,46.932,47.77,47.866,47.286,46.114,44.445,42.376,40.003,37.418,34.703,31.933,29.168,26.461,23.851,21.369,19.038,16.871,14.876,13.054,11.405,9.921,8.596,1004,2.2267466E-8,1.17733428E-7,43.66,984.84,25.52,7.22857,1.33714,0.542857,0.28,0.222857,0.0857143,0.0571429,0.04,0.04,0.0171429,0,0.0571429,1.12563e-06,1.61791e-06,5.3327e-06,51.2305
21:46:40,971.5,775.5,733,672.1,558.2,503.8,0.009,0.329,2.131,6.774,14.736,25.374,37.307,48.956,58.964,66.423,70.918,72.46,71.368,68.143,63.352,57.551,51.234,44.803,38.561,32.721,27.412,22.699,18.6,15.095,12.143,9.689,7.674,6.036,4.716,3.664,2.83,2.175,1.663,1.266,0.959,0.724,0.544,0.408,0.304,0.226,971.5,1.4408392E-8,6.9887172E-8,44.42,984.85,25.79,7.88571,1.79429,0.588571,0.211429,0.148571,0.0971429,0.0857143,0.0342857,0.0171429,0.0228571,0.00571429,0.0628571,3.9523e-07,1.07811e-06,6.44845e-06,27.1618
21:50:00,1290,912.5,904.5,842,789,754.5,24.827,65.749,92.444,106.478,111.12,109.32,103.405,95.103,85.646,75.877,66.348,57.397,49.212,41.876,35.403,29.764,24.9,20.74,17.209,14.23,11.73,9.642,7.906,6.467,5.279,4.3,3.497,2.839,2.301,1.862,1.505,1.215,0.98,0.789,0.635,0.51,0.41,0.329,0.263,0.211,1290,1.464257E-8,4.3273406E-8,44.79,984.79,25.52,7.61714,1.36,0.634286,0.297143,0.234286,0.108571,0.0685714,0.0114286,0.0342857,0.0228571,0.0171429,0.0342857,3.0228e-07,9.03109e-07,1.02739e-05,23.5371
21:53:20,1208,996,904,765.7,731.4,729.5,0.004,0.214,1.707,6.232,14.944,27.63,42.838,58.503,72.604,83.617,90.698,93.662,92.836,88.876,82.586,74.784,66.203,57.447,48.972,41.088,33.983,27.745,22.387,17.87,14.125,11.063,8.593,6.623,5.068,3.852,2.909,2.185,1.632,1.212,0.896,0.66,0.483,0.353,0.256,0.186,1208,1.3739253E-8,6.983732E-8,43.73,984.8,25.46,6.39429,1.23429,0.537143,0.205714,0.211429,0.0857143,0.0457143,0.0285714,0.04,0.0171429,0.00571429,0.0342857,4.6763e-07,8.91745e-07,6.31955e-06,31.0077
21:56:40,928.8,796.1,750.4,705.5,689.1,657.7,2.235,13.134,28.869,44.426,57.064,65.725,70.375,71.522,69.893,66.249,61.278,55.558,49.538,43.552,37.828,32.513,27.69,23.392,19.619,16.348,13.544,11.163,9.156,7.477,6.082,4.929,3.981,3.205,2.573,2.06,1.645,1.31,1.042,0.826,0.654,0.517,0.408,0.321,0.252,0.198,928.8,1.5004565E-8,5.3784866E-8,42.63,984.8,25.75,7.08571,1.43429,0.697143,0.348571,0.234286,0.0914286,0.0628571,0.04,0.0228571,0.00571429,0.0114286,0.0285714,3.19717e-07,8.56172e-07,6.37888e-06,20.2294
22:00:00,971.1,914.5,667.7,575.7,540.5,460.1,0.002,0.059,0.375,1.245,2.91,5.484,8.934,13.107,17.77,22.653,27.484,32.022,36.069,39.481,42.166,44.085,45.239,45.665,45.425,44.597,43.271,41.538,39.489,37.21,34.778,32.263,29.724,27.209,24.76,22.407,20.173,18.075,16.121,14.317,12.665,11.161,9.8,8.577,7.482,6.507,971.1,2.3001093E-8,1.07941724E-7,44.19,984.82,25.78,6.45143,1.46286,0.605714,0.211429,0.2,0.0628571,0.08,0.0514286,0.0171429,0,0,0.0342857,9.30248e-07,1.51846e-06,2.65293e-06,41.8844
22:03:20,916.5,869.1,736.2,707.4,679,488.5,0,0.021,0.166,0.636,1.655,3.396,5.927,9.211,13.112,17.43,21.932,26.382,30.564,34.3,37.454,39.941,41.719,42.785,43.168,42.925,42.127,40.855,39.195,37.234,35.052,32.725,30.318,27.889,25.485,23.146,20.901,18.772,16.776,14.921,13.212,11.65,10.231,8.952,7.805,6.782,916.5,2.2795502E-8,1.1179636E-7,42.69,984.79,25.87,6.06857,1.04571,0.508571,0.274286,0.205714,0.0971429,0.0285714,0.0457143,0.0228571,0.0228571,0.00571429,0.0171429,9.40459e-07,1.28253e-06,6.96881e-06,45.1024
22:06:41,1036,924.7,794,768.7,608.4,581.8,0.022,0.367,1.579,3.976,7.571,12.151,17.385,22.903,28.356,33.445,37.946,41.705,44.636,46.71,47.948,48.402,48.151,47.286,45.907,44.111,41.996,39.648,37.147,34.563,31.954,29.369,26.848,24.42,22.108,19.929,17.892,16.002,14.261,12.667,11.216,9.902,8.718,7.654,6.704,5.858,1036,2.3608481E-8,1.00523764E-7,44.09,984.77,25.88,8.03429,1.64571,0.617143,0.268571,0.182857,0.0971429,0.0685714,0.0342857,0.0285714,0.0114286,0,0.04,8.7649e-07,1.45712e-06,4.08045e-06,41.8442
22:10:01,1038,1010,779.7,728.1,706,705.8,0,0,0,0,0,0.001,0.003,0.016,0.057,0.169,0.428,0.949,1.884,3.404,5.67,8.801,12.843,17.746,23.358,29.433,35.663,41.704,47.218,51.906,55.535,57.956,59.107,59.009,57.756,55.497,52.417,48.716,44.598,40.253,35.849,31.527,27.398,23.543,20.016,16.846,1038,1.7952814E-8,1.4378324E-7,44.69,984.78,25.64,6.79429,1.42286,0.662857,0.302857,0.342857,0.211429,0.0457143,0.0342857,0.0285714,0.0114286,0,0.0457143,1.76537e-06,2.41164e-06,5.03496e-06,70.014
22:13:21,869.8,839.5,793.8,791.1,607.8,586,0,0,0,0,0,0,0,0,0,0,0,0,0,0.001,0.005,0.018,0.062,0.182,0.471,1.092,2.283,4.35,7.614,12.334,18.608,26.294,34.975,43.985,52.507,59.71,64.892,67.593,67.658,65.237,60.725,54.678,47.712,40.415,33.283,26.688,869.8,1.2878971E-8,1.6438615E-7,43.06,984.76,25.66,7.82857,1.57143,0.731429,0.337143,0.205714,0.0685714,0.0514286,0.0342857,0.0228571,0,0.00571429,0.0342857,1.99117e-06,2.41907e-06,5.39583e-06,72.4648
22:16:41,798.8,724.7,649.2,612,561.5,462.7,0,0,0,0.008,0.069,0.348,1.213,3.23,6.997,12.894,20.859,30.318,40.292,49.63,57.269,62.443,64.788,64.336,61.442,56.664,50.638,43.982,37.224,30.767,24.885,19.729,15.355,11.749,8.848,6.566,4.805,3.472,2.478,1.749,1.221,0.844,0.578,0.392,0.264,0.176,798.8,1.2659427E-8,9.1377104E-8,43.78,984.76,25.92,5.81714,1.25143,0.571429,0.285714,0.171429,0.0628571,0.0228571,0.0228571,0.0342857,0.0171429,0,0.0171429,5.37719e-07,7.85119e-07,4.12175e-06,29.8242
22:20:01,1216,1010,677.5,654.8,650.7,596.7,0,0,0.009,0.103,0.596,2.187,5.88,12.606,22.759,35.913,50.854,65.883,79.239,89.48,95.72,97.696,95.694,90.386,82.657,73.432,63.558,53.729,44.456,36.069,28.743,22.529,17.391,13.237,9.943,7.378,5.413,3.929,2.823,2.01,1.418,0.992,0.689,0.475,0.325,0.221,1216,1.2900935E-8,8.5395924E-8,42.81,984.79,25.78,7.36,1.36,0.64,0.257143,0.165714,0.12,0.0514286,0.00571429,0.0285714,0.00571429,0,0.0342857,6.60091e-07,1.17887e-06,2.84481e-06,36.9952
22:23:21,877.2,828.1,683.1,632,620.4,600.2,0.044,0.562,2.085,4.75,8.406,12.75,17.438,22.142,26.588,30.565,33.931,36.607,38.563,39.811,40.394,40.374,39.827,38.834,37.477,35.834,33.98,31.98,29.893,27.768,25.646,23.562,21.543,19.608,17.772,16.045,14.434,12.94,11.564,10.303,9.154,8.111,7.169,6.322,5.562,4.883,877.2,2.414801E-8,9.8661068E-8,43.51,984.77,26.06,6.33143,1.07429,0.542857,0.36,0.171429,0.0857143,0.0342857,0.0171429,0.0228571,0,0.00571429,0.0457143,7.36611e-07,1.09256e-06,3.88265e-06,34.0758
22:26:41,1057,1053,863.1,811.1,786.1,574.5,0,0,0.01,0.111,0.602,2.1,5.438,11.329,20.018,31.089,43.524,55.955,66.991,75.503,80.797,82.658,81.293,77.215,71.105,63.688,55.638,47.52,39.76,32.649,26.352,20.936,16.391,12.66,9.656,7.279,5.428,4.006,2.928,2.121,1.524,1.086,0.768,0.539,0.376,0.261,1057,1.3277987E-8,8.6188634E-8,42.6,984.79,25.85,8.77714,1.73714,0.542857,0.268571,0.182857,0.125714,0.08,0.0342857,0.0228571,0.00571429,0,0.0342857,6.12107e-07,1.31139e-06,3.09696e-06,34.366
22:30:02,970.8,895.7,758.2,735.5,623.8,539.5,0.01,0.196,0.959,2.635,5.352,9.038,13.475,18.369,23.408,28.302,32.808,36.739,39.973,42.443,44.132,45.063,45.287,44.879,43.923,42.51,40.731,38.673,36.416,34.033,31.586,29.129,26.705,24.35,22.091,19.947,17.932,16.054,14.318,12.723,11.268,9.946,8.753,7.682,6.723,5.868,970.8,2.3473104E-8,1.03249604E-7,43.36,984.8,26.13,8.33143,1.91429,0.577143,0.251429,0.268571,0.131429,0.0685714,0.0457143,0.0342857,0.0114286,0,0.0457143,8.91973e-07,1.53319e-06,4.47245e-06,41.9867
22:33:22,1411,1058,1020,880.8,857.5,801.8,1.872,13.993,35.268,59.144,80.543,96.701,106.709,110.848,110.038,105.439,98.212,89.384,79.793,70.074,60.682,51.913,43.941,36.846,30.639,25.288,20.731,16.893,13.689,11.037,8.857,7.078,5.634,4.468,3.531,2.782,2.186,1.712,1.338,1.043,0.811,0.63,0.488,0.377,0.291,0.224,1411,1.4445729E-8,5.4545442E-8,43.77,984.78,25.8,7.93714,1.28571,0.428571,0.28,0.222857,0.0685714,0.0571429,0.0457143,0.0114286,0.00571429,0.0114286,0.0571429,3.83704e-07,8.45687e-07,6.04764e-06,25.4909
22:36:42,1111,1054,961.4,870.7,850.7,696.1,0,0.003,0.04,0.208,0.681,1.674,3.383,5.938,9.37,13.606,18.481,23.762,29.187,34.487,39.416,43.767,47.386,50.171,52.076,53.1,53.286,52.703,51.444,49.615,47.327,44.688,41.802,38.765,35.66,32.558,29.519,26.589,23.802,21.185,18.754,16.517,14.476,12.63,10.971,9.491,1111,2.2113506E-8,1.17951772E-7,42.1,984.82,26.27,11.6457,2,0.777143,0.582857,0.245714,0.0914286,0.0571429,0.04,0.0628571,0.0171429,0.0114286,0.102857,1.29219e-06,1.79457e-06,9.95023e-06,60.5171
22:40:02,1243,781.5,732.7,664.1,562,552.8,17.807,53.124,79.647,95.648,102.882,103.598,99.832,93.229,85.036,76.155,67.208,58.605,50.594,43.311,36.807,31.084,26.107,21.82,18.159,15.054,12.436,10.241,8.41,6.888,5.628,4.588,3.733,3.031,2.457,1.989,1.607,1.297,1.045,0.841,0.676,0.543,0.436,0.349,0.28,0.224,1243,1.4822146E-8,4.5204554E-8,43.57,984.85,25.98,8.06286,1.50857,0.702857,0.291429,0.285714,0.131429,0.0571429,0.0285714,0.0342857,0.0114286,0.00571429,0.0342857,3.28824e-07,9.01884e-07,5.49193e-06,20.5534
22:43:22,1323,1018,859.8,811.7,807.5,614,0,0.003,0.066,0.514,2.165,6.209,13.692,24.955,39.375,55.497,71.437,85.359,95.844,102.091,103.934,101.737,96.219,88.278,78.835,68.719,58.612,49.015,40.262,32.535,25.899,20.334,15.763,12.075,9.15,6.863,5.098,3.754,2.741,1.986,1.428,1.02,0.723,0.51,0.358,0.249,1323,1.3289333E-8,8.1097326E-8,41.56,984.87,26.27,8.41143,1.64,0.777143,0.314286,0.211429,0.0857143,0.0514286,0.0342857,0.0342857,0.0114286,0.00571429,0.0228571,6.72767e-07,1.13096e-06,5.78323e-06,39.8577
22:46:42,1085,799.7,631.8,593.2,592.4,562.5,0.022,0.613,3.491,10.154,20.671,33.792,47.642,60.383,70.631,77.606,81.096,81.328,78.81,74.182,68.107,61.192,53.948,46.774,39.956,33.681,28.053,23.114,18.858,15.248,12.228,9.732,7.691,6.039,4.713,3.658,2.824,2.17,1.659,1.264,0.958,0.724,0.545,0.409,0.306,0.228,1085,1.4357985E-8,6.7734654E-8,43.42,984.91,26.07,7.94857,1.31429,0.6,0.228571,0.154286,0.0971429,0.102857,0.04,0.0114286,0.00571429,0.00571429,0.0171429,4.07524e-07,1.19264e-06,4.49491e-06,26.3773
22:50:03,1138,917.8,806.1,692.2,681.1,665.7,0.057,1.24,5.982,15.51,28.977,44.286,59.114,71.593,80.581,85.662,86.988,85.081,80.652,74.453,67.186,59.444,51.695,44.276,37.412,31.231,25.788,21.084,17.084,13.73,10.952,8.676,6.829,5.343,4.158,3.219,2.481,1.903,1.454,1.106,0.838,0.633,0.477,0.358,0.268,0.2,1138,1.4224457E-8,6.4626782E-8,43.4,984.92,25.74,6.98286,1.12571,0.542857,0.251429,0.165714,0.0971429,0.0342857,0.0228571,0.0514286,0.00571429,0,0.0171429,3.93403e-07,7.69553e-07,3.38811e-06,24.975
22:53:23,1093,921.2,853,732.5,718.2,696.1,0.005,0.219,1.622,5.668,13.22,24.024,36.871,50.107,62.123,71.697,78.127,81.217,81.176,78.478,73.733,67.581,60.612,53.331,46.133,39.303,33.027,27.411,22.495,18.271,14.701,11.726,9.278,7.286,5.683,4.404,3.393,2.599,1.98,1.502,1.133,0.852,0.637,0.475,0.353,0.261,1093,1.4340527E-8,7.159963E-8,42.05,984.89,25.88,9.07429,1.45714,0.697143,0.4,0.354286,0.0742857,0.0571429,0.04,0.0228571,0.0171429,0,0.0457143,5.36517e-07,1.0086e-06,4.14893e-06,28.825
22:56:43,1587,782.1,777.8,736.1,717.8,643,52.36,108.274,134.353,143.111,141.427,133.647,122.591,110.086,97.296,84.933,73.41,62.938,53.597,45.382,38.238,32.082,26.817,22.343,18.561,15.379,12.713,10.487,8.633,7.095,5.822,4.77,3.902,3.189,2.602,2.122,1.728,1.406,1.143,0.928,0.753,0.611,0.495,0.401,0.324,0.262,1587,1.4638564E-8,4.0298914E-8,43.34,984.89,26.01,9.52571,1.47429,0.622857,0.308571,0.154286,0.0971429,0.0514286,0.0285714,0.0342857,0.00571429,0,0.0228571,2.96125e-07,7.74516e-07,2.88083e-06,18.9913
23:00:03,944.2,824.8,767.5,696.2,689.7,644.2,0.035,0.797,3.959,10.536,20.162,31.519,42.998,53.186,61.109,66.287,68.664,68.489,66.194,62.292,57.292,51.658,45.775,39.944,34.384,29.238,24.591,20.477,16.899,13.831,11.234,9.062,7.262,5.786,4.584,3.613,2.834,2.213,1.721,1.333,1.029,0.791,0.606,0.463,0.353,0.268,944.2,1.4896543E-8,6.7881728E-8,42.28,984.93,25.94,9.43429,1.65714,0.651429,0.177143,0.16,0.0857143,0.0342857,0.0514286,0.0228571,0.00571429,0,0.0514286,3.76834e-07,7.32788e-07,2.70503e-06,22.4904
23:03:23,1474,796.7,736.5,603.8,601,596.5,26.012,72.469,104.361,121.806,128.112,126.606,120.032,110.476,99.446,87.982,76.771,66.233,56.606,47.993,40.413,33.828,28.17,23.351,19.278,15.857,13.001,10.627,8.663,7.045,5.716,4.629,3.741,3.017,2.43,1.954,1.569,1.258,1.008,0.806,0.644,0.514,0.41,0.327,0.26,0.207,1474,1.4365511E-8,4.3097704E-8,43.17,985,26.12,7.44571,1.30286,0.537143,0.28,0.171429,0.08,0.0114286,0.0171429,0.0285714,0.0114286,0.00571429,0.0628571,2.9399e-07,5.03523e-07,4.77763e-06,19.6448
23:06:43,1341,921.8,744.4,664.1,641,628.1,1.982,14.479,35.913,59.473,80.133,95.304,104.262,107.438,105.844,100.687,93.133,84.192,74.666,65.154,56.069,47.673,40.11,33.434,27.639,22.681,18.488,14.98,12.071,9.678,7.724,6.139,4.86,3.834,3.014,2.362,1.846,1.438,1.118,0.867,0.671,0.518,0.399,0.307,0.236,0.181,1341,1.4200773E-8,5.342735E-8,43.5,984.94,25.8,6.38857,1.17714,0.508571,0.228571,0.171429,0.114286,0.0457143,0.0285714,0,0,0,0.0285714,3.37568e-07,8.12173e-07,1.12329e-06,19.7329
23:10:04,1038,816.5,732.7,725.1,722.2,701.2,0.948,8.001,21.706,38.252,54.028,66.733,75.341,79.755,80.439,78.128,73.627,67.692,60.965,53.957,47.045,40.49,34.455,29.027,24.237,20.077,16.512,13.492,10.959,8.854,7.118,5.697,4.54,3.604,2.851,2.247,1.766,1.384,1.081,0.843,0.655,0.508,0.393,0.304,0.234,0.18,1038,1.4549872E-8,5.6240324E-8,42.7,984.97,26.32,6.38857,1.24571,0.548571,0.217143,0.142857,0.08,0.04,0.0457143,0.0114286,0,0,0.00571429,2.99403e-07,6.79339e-07,1.56011e-06,17.7959
23:13:24,1318,900.1,701.8,619.8,560.5,532.7,1.16,10.112,27.885,49.545,70.246,86.859,97.99,103.517,104.085,100.708,94.483,86.435,77.426,68.132,59.045,50.497,42.688,35.72,29.619,24.361,19.89,16.132,13.005,10.427,8.318,6.605,5.222,4.113,3.227,2.523,1.967,1.528,1.184,0.915,0.706,0.543,0.417,0.319,0.244,0.186,1318,1.4226639E-8,5.5404498E-8,43.33,985,25.93,6.56571,1.28,0.537143,0.205714,0.154286,0.0857143,0.0457143,0.0342857,0.0228571,0,0,0.0514286,3.43591e-07,7.67706e-07,1.907e-06,21.4429
23:16:44,1498,1334,1011,976,941.8,831.1,0.009,0.214,1.141,3.331,7.074,12.359,18.929,26.373,34.215,41.988,49.28,55.762,61.202,65.459,68.479,70.274,70.913,70.504,69.177,67.077,64.353,61.147,57.595,53.817,49.919,45.992,42.111,38.336,34.712,31.275,28.047,25.043,22.27,19.728,17.413,15.317,13.43,11.74,10.233,8.896,1498,2.3036202E-8,1.03655296E-7,43.24,984.98,25.78,10.9371,1.8,0.725714,0.331429,0.217143,0.0857143,0.0514286,0.0628571,0.04,0.00571429,0.00571429,0.0171429,1.30428e-06,1.76248e-06,6.27108e-06,62.0035
23:20:04,1346,1172,1100,1056,1022,886,0,0.02,0.279,1.524,4.963,11.69,22.096,35.617,50.906,66.228,79.895,90.594,97.548,100.533,99.784,95.861,89.498,81.476,72.527,63.278,54.218,45.702,37.954,31.094,25.158,20.124,15.927,12.482,9.694,7.465,5.703,4.325,3.257,2.437,1.812,1.34,0.985,0.721,0.525,0.38,1346,1.408117E-8,7.915584E-8,41.96,984.97,25.81,13.0857,2.65143,0.971429,0.394286,0.337143,0.234286,0.04,0.0228571,0.0285714,0.0114286,0,0.0514286,7.30568e-07,1.38315e-06,3.88203e-06,39.0408
23:23:24,1512,1277,1056,978,915.8,876.1,0.169,2.771,11.271,26.125,45.12,65.107,83.248,97.591,107.17,111.846,112.057,108.576,102.311,94.156,84.914,75.246,65.661,56.525,48.076,40.451,33.706,27.84,22.811,18.555,14.992,12.039,9.613,7.635,6.035,4.748,3.72,2.903,2.257,1.748,1.35,1.039,0.798,0.611,0.466,0.355,1512,1.4758663E-8,6.4032414E-8,42.82,984.99,26.04,12.5086,2.54286,1.01143,0.291429,0.205714,0.0685714,0.0742857,0.0514286,0.0514286,0.0114286,0,0.0628571,5.34563e-07,1.09879e-06,4.67473e-06,33.4314
23:26:45,1245,1120,1018,1001,944,768.1,0.003,0.085,0.527,1.712,3.938,7.33,11.827,17.217,23.195,29.414,35.533,41.253,46.33,50.589,53.925,56.29,57.693,58.183,57.839,56.762,55.064,52.859,50.261,47.377,44.303,41.125,37.917,34.741,31.645,28.669,25.842,23.183,20.706,18.416,16.315,14.4,12.666,11.103,9.703,8.454,1245,2.3187322E-8,1.0798832E-7,42.03,984.99,25.91,11.08,1.88571,0.748571,0.371429,0.325714,0.102857,0.102857,0.0685714,0.0342857,0.00571429,0.00571429,0.04,1.22478e-06,2.01999e-06,6.39933e-06,56.6713
23:30:05,1387,1058,941.8,898.2,863.5,847,7.512,32.301,59.454,81.676,96.877,105.195,107.689,105.691,100.498,93.237,84.811,75.912,67.039,58.533,50.61,43.39,36.926,31.221,26.243,21.945,18.265,15.138,12.499,10.283,8.433,6.895,5.622,4.573,3.71,3.004,2.427,1.958,1.576,1.266,1.016,0.814,0.651,0.52,0.415,0.331,1387,1.5300786E-8,5.1053522E-8,41.49,984.93,26.04,11.9143,2.42286,0.857143,0.537143,0.257143,0.16,0.0685714,0.0171429,0.0685714,0.04,0,0.04,4.28317e-07,1.12003e-06,8.12844e-06,28.9706
23:33:25,1555,922.8,754.5,739,641.7,624.7,31.816,82.181,114.019,130.191,135.011,132.176,124.533,114.164,102.531,90.624,79.083,68.294,58.465,49.683,41.954,35.234,29.449,24.509,20.322,16.793,13.835,11.367,9.316,7.617,6.216,5.062,4.115,3.34,2.707,2.191,1.77,1.429,1.152,0.928,0.747,0.6,0.482,0.387,0.31,0.248,1555,1.4595901E-8,4.284755E-8,42.7,984.9,26.09,8.95429,1.73714,0.531429,0.331429,0.194286,0.108571,0.0685714,0.0457143,0.0457143,0.00571429,0,0.04,3.22446e-07,9.23275e-07,3.59924e-06,21.2711
23:36:45,959.7,905,849.7,779.1,778,604.5,0.001,0.045,0.304,1.044,2.505,4.818,7.983,11.882,16.31,21.019,25.748,30.26,34.35,37.866,40.704,42.808,44.169,44.81,44.783,44.159,43.02,41.453,39.548,37.389,35.054,32.614,30.129,27.652,25.224,22.88,20.643,18.534,16.562,14.736,13.058,11.526,10.136,8.884,7.76,6.758,959.7,2.3091035E-8,1.09474136E-7,41.84,984.89,25.96,8.70857,1.53714,0.765714,0.377143,0.194286,0.0914286,0.0971429,0.00571429,0.0342857,0.0171429,0.0114286,0.0571429,9.64129e-07,1.70507e-06,8.52994e-06,47.1926
23:40:05,1500,971.2,804.4,689.1,647.4,589.1,13.896,49.849,82.507,105.453,118.462,123.16,121.599,115.706,107.092,97.006,86.367,75.817,65.777,56.501,48.121,40.681,34.17,28.537,23.712,19.613,16.157,13.26,10.846,8.845,7.192,5.833,4.72,3.81,3.07,2.468,1.981,1.588,1.27,1.015,0.81,0.645,0.513,0.408,0.324,0.257,1500,1.4718398E-8,4.70938E-8,42.68,984.89,26.15,9.22857,1.52571,0.708571,0.291429,0.257143,0.08,0.0342857,0.0285714,0.0342857,0.00571429,0,0.0285714,3.6646e-07,7.12316e-07,2.81863e-06,21.1422
23:46:45,1357,1066,912.5,858.8,734.8,698.7,0.155,2.593,10.641,24.736,42.696,61.442,78.237,91.242,99.601,103.263,102.727,98.794,92.367,84.318,75.409,66.253,57.31,48.897,41.214,34.36,28.365,23.209,18.837,15.176,12.143,9.657,7.635,6.005,4.699,3.66,2.839,2.193,1.688,1.294,0.989,0.754,0.573,0.434,0.328,0.247,1357,1.4376828E-8,6.2669556E-8,43.32,984.89,25.81,8.66286,1.86286,0.651429,0.291429,0.16,0.125714,0.08,0.0342857,0.0514286,0.00571429,0,0.0514286,4.42134e-07,1.14142e-06,3.88442e-06,28.9936
23:50:06,1060,825.7,779.5,725.8,715.4,644,3.845,19.074,38.133,55.317,68.261,76.417,80.158,80.256,77.595,73.008,67.212,60.783,54.157,47.651,41.476,35.765,30.59,25.974,21.914,18.383,15.341,12.743,10.54,8.684,7.129,5.833,4.759,3.871,3.141,2.543,2.054,1.655,1.331,1.069,0.856,0.685,0.547,0.437,0.348,0.277,1060,1.5427945E-8,5.3187836E-8,42.27,984.91,26.3,9.94857,1.65714,0.668571,0.342857,0.211429,0.0628571,0.0285714,0.0457143,0.0457143,0.0228571,0,0.04,3.38131e-07,6.19612e-07,5.23439e-06,21.6534
23:53:26,981.2,847.5,785.1,785.1,745.8,737.7,0.947,7.516,19.786,34.364,48.237,59.523,67.372,71.682,72.804,71.313,67.857,63.053,57.441,51.458,45.441,39.63,34.188,29.21,24.744,20.801,17.367,14.409,11.887,9.756,7.969,6.481,5.25,4.237,3.407,2.731,2.183,1.739,1.383,1.096,0.867,0.684,0.539,0.424,0.332,0.26,981.2,1.52776E-8,5.819593E-8,43.37,984.92,25.84,9.30857,1.71429,0.731429,0.285714,0.177143,0.0914286,0.0685714,0.0228571,0.0571429,0,0.0114286,0.0457143,3.38487e-07,9.09023e-07,6.74771e-06,23.1812
